<?xml version="1.0" encoding="UTF-8"?>
<project xmlns="http://maven.apache.org/POM/4.0.0" xmlns:xsi="http://www.w3.org/2001/XMLSchema-instance" xsi:schemaLocation="http://maven.apache.org/POM/4.0.0 http://maven.apache.org/maven-v4_0_0.xsd">
  <parent>
    <artifactId>log-analyzer-parent</artifactId>
    <groupId>com.atlassian.bitbucket.server</groupId>
    <version>1.0.0-SNAPSHOT</version>
  </parent>
  <modelVersion>4.0.0</modelVersion>
  <artifactId>log-analyzer-standalone</artifactId>
  <name>Bitbucket Server Log Analyzer - Standalone</name>
  <build>
    <plugins>
      <plugin>
        <groupId>org.springframework.boot</groupId>
        <artifactId>spring-boot-maven-plugin</artifactId>
        <version>1.3.3.RELEASE</version>
      </plugin>
      <plugin>
        <artifactId>maven-enforcer-plugin</artifactId>
        <executions>
          <execution>
            <id>check-dependencies</id>
            <phase>validate</phase>
            <goals>
              <goal>enforce</goal>
            </goals>
            <configuration>
              <rules>
                <requirePluginVersions>
                  <unCheckedPluginList>org.springframework.boot:spring-boot-maven-plugin</unCheckedPluginList>
                </requirePluginVersions>
              </rules>
              <fail>true</fail>
            </configuration>
          </execution>
        </executions>
      </plugin>
      <plugin>
        <artifactId>maven-shade-plugin</artifactId>
        <version>2.4.3</version>
        <executions>
          <execution>
            <phase>package</phase>
            <goals>
              <goal>shade</goal>
            </goals>
            <configuration>
              <transformers>
                <transformer>
                  <mainClass>com.atlassian.bitbucket.analyzer.internal.web.StandaloneMain</mainClass>
                </transformer>
              </transformers>
            </configuration>
          </execution>
        </executions>
      </plugin>
    </plugins>
  </build>
  <profiles>
    <profile>
      <id>debug</id>
      <build>
        <plugins>
          <plugin>
            <groupId>org.springframework.boot</groupId>
            <artifactId>spring-boot-maven-plugin</artifactId>
            <configuration>
              <jvmArguments>-Xdebug -Xrunjdwp:transport=dt_socket,server=y,suspend=y,address=5005</jvmArguments>
            </configuration>
          </plugin>
        </plugins>
      </build>
    </profile>
  </profiles>
  <dependencyManagement>
    <dependencies>
      <dependency>
        <groupId>org.springframework.boot</groupId>
        <artifactId>spring-boot-starter-parent</artifactId>
        <version>1.3.3.RELEASE</version>
        <type>pom</type>
        <scope>import</scope>
      </dependency>
    </dependencies>
  </dependencyManagement>
  <properties>
    <java.version>1.8</java.version>
  </properties>
</project>

